log_group,@timestamp,@requestId,@duration,@billedDuration,@memorySize,@maxMemoryUsed,@initDuration,@logStream
/aws/lambda/traffic-analysis-128mb,2026-05-03 11:50:25.063,8e59e597-41cb-4163-9356-9fa936c86ba7,377.31,378,128000000,93000000,,2026/05/03/[$LATEST]eb39ded3d25940c5ba6f70e4d6a60996
/aws/lambda/traffic-analysis-128mb,2026-05-03 11:50:35.466,dd536cfe-dbb4-47c0-9df9-41f6cc89545d,322.64,323,128000000,93000000,,2026/05/03/[$LATEST]eb39ded3d25940c5ba6f70e4d6a60996
/aws/lambda/traffic-analysis-128mb,2026-05-03 11:50:45.884,73b00f87-0e60-468a-9ff4-d7acadeab107,305.71,306,128000000,93000000,,2026/05/03/[$LATEST]eb39ded3d25940c5ba6f70e4d6a60996
/aws/lambda/traffic-analysis-128mb,2026-05-03 11:50:56.264,b31481d2-4af0-48df-8388-b45ea5e188b0,309.63,310,128000000,93000000,,2026/05/03/[$LATEST]eb39ded3d25940c5ba6f70e4d6a60996
/aws/lambda/traffic-analysis-128mb,2026-05-10 13:31:59.759,41e73c03-22e1-4114-a511-e21460177b3e,432.81,958,128000000,93000000,524.66,2026/05/10/[$LATEST]851ab0d7c7224ed19e19f38b221b7f56
/aws/lambda/traffic-analysis-128mb,2026-05-10 13:32:18.878,1dfde448-cc3f-4643-a171-82a6428fc3c2,355.53,356,128000000,94000000,,2026/05/10/[$LATEST]851ab0d7c7224ed19e19f38b221b7f56
/aws/lambda/traffic-analysis-128mb,2026-05-10 13:32:19.558,daebb49c-78db-4195-829b-32f3d953c8b1,116.76,117,128000000,94000000,,2026/05/10/[$LATEST]851ab0d7c7224ed19e19f38b221b7f56
/aws/lambda/traffic-analysis-128mb,2026-05-10 13:32:20.223,1737c093-9e9d-4f6b-9ebe-40334538e60f,110.03,111,128000000,94000000,,2026/05/10/[$LATEST]851ab0d7c7224ed19e19f38b221b7f56
/aws/lambda/traffic-analysis-128mb,2026-05-10 13:32:20.900,67a2a4b3-a3ab-4a19-bfd8-1980eb6056b6,118.64,119,128000000,94000000,,2026/05/10/[$LATEST]851ab0d7c7224ed19e19f38b221b7f56
/aws/lambda/traffic-analysis-128mb,2026-05-10 13:32:21.560,2e8d1304-b1c6-4997-90eb-b1001e267fa2,107.4,108,128000000,94000000,,2026/05/10/[$LATEST]851ab0d7c7224ed19e19f38b221b7f56
/aws/lambda/traffic-analysis-128mb,2026-05-10 13:32:22.238,058139d0-f070-4cf7-bdf0-3b9a44df8490,132.98,133,128000000,94000000,,2026/05/10/[$LATEST]851ab0d7c7224ed19e19f38b221b7f56
/aws/lambda/traffic-analysis-128mb,2026-05-10 13:32:22.878,fdb56459-4711-46af-b478-02b8b8515451,103.01,104,128000000,94000000,,2026/05/10/[$LATEST]851ab0d7c7224ed19e19f38b221b7f56
/aws/lambda/traffic-analysis-128mb,2026-05-10 13:32:23.538,c14308ca-521f-47f1-a605-a6fedad1fdb1,110.22,111,128000000,94000000,,2026/05/10/[$LATEST]851ab0d7c7224ed19e19f38b221b7f56
/aws/lambda/traffic-analysis-128mb,2026-05-10 13:32:24.319,9a7c4b79-a71d-4b0c-b484-798c1c275bd4,220.49,221,128000000,94000000,,2026/05/10/[$LATEST]851ab0d7c7224ed19e19f38b221b7f56
/aws/lambda/traffic-analysis-128mb,2026-05-10 13:32:24.979,6ce7dbdd-ecab-4f75-98b3-8e693b040d83,132.53,133,128000000,94000000,,2026/05/10/[$LATEST]851ab0d7c7224ed19e19f38b221b7f56
/aws/lambda/traffic-analysis-128mb,2026-05-10 13:32:25.620,5c165e69-b139-4a0c-bdf5-0d73d619ba99,107.16,108,128000000,94000000,,2026/05/10/[$LATEST]851ab0d7c7224ed19e19f38b221b7f56
/aws/lambda/traffic-analysis-128mb,2026-05-10 13:32:26.279,6677f93c-6780-4d7d-91eb-c27d0705a0f8,111.67,112,128000000,94000000,,2026/05/10/[$LATEST]851ab0d7c7224ed19e19f38b221b7f56
/aws/lambda/traffic-analysis-128mb,2026-05-10 13:32:26.939,040d957d-874a-413c-9182-d5ea4e11c2bf,112.38,113,128000000,94000000,,2026/05/10/[$LATEST]851ab0d7c7224ed19e19f38b221b7f56
/aws/lambda/traffic-analysis-128mb,2026-05-10 13:32:27.598,eecfc726-fc60-4c97-b0ee-6979980f276d,118.97,119,128000000,94000000,,2026/05/10/[$LATEST]851ab0d7c7224ed19e19f38b221b7f56
/aws/lambda/traffic-analysis-128mb,2026-05-10 13:32:28.239,f2f62e00-b0fd-43a4-9366-ea969d934f19,103.65,104,128000000,94000000,,2026/05/10/[$LATEST]851ab0d7c7224ed19e19f38b221b7f56
/aws/lambda/traffic-analysis-128mb,2026-05-10 13:34:55.261,36ab6179-7f24-42da-a765-78762017b465,420.4,421,128000000,94000000,,2026/05/10/[$LATEST]851ab0d7c7224ed19e19f38b221b7f56
/aws/lambda/traffic-analysis-128mb,2026-05-10 13:34:55.601,cce97aed-ebb2-4627-a0b7-8e236f6effd1,103.4,104,128000000,94000000,,2026/05/10/[$LATEST]851ab0d7c7224ed19e19f38b221b7f56
/aws/lambda/traffic-analysis-128mb,2026-05-10 13:34:55.961,d1a8d8c6-0091-4aee-9d77-249b208a6e26,108.23,109,128000000,94000000,,2026/05/10/[$LATEST]851ab0d7c7224ed19e19f38b221b7f56
/aws/lambda/traffic-analysis-128mb,2026-05-10 13:34:56.321,748da326-147e-49a4-84ca-905723879ac8,109.52,110,128000000,94000000,,2026/05/10/[$LATEST]851ab0d7c7224ed19e19f38b221b7f56
/aws/lambda/traffic-analysis-128mb,2026-05-10 13:34:56.680,cb1a25d2-bc6e-4b8b-8a6f-e3e2e4c629e1,112.56,113,128000000,94000000,,2026/05/10/[$LATEST]851ab0d7c7224ed19e19f38b221b7f56
/aws/lambda/traffic-analysis-128mb,2026-05-10 13:34:57.040,7351d63a-3a9e-4ae2-86c4-fd9548e0c6c7,114.28,115,128000000,94000000,,2026/05/10/[$LATEST]851ab0d7c7224ed19e19f38b221b7f56
/aws/lambda/traffic-analysis-128mb,2026-05-10 13:34:57.400,e02cb886-ecc9-412b-aa0f-179f9cc6d044,120.54,121,128000000,94000000,,2026/05/10/[$LATEST]851ab0d7c7224ed19e19f38b221b7f56
/aws/lambda/traffic-analysis-128mb,2026-05-10 13:34:57.763,0aed70f2-df49-4a1a-8d16-16c195b78470,107.48,108,128000000,94000000,,2026/05/10/[$LATEST]851ab0d7c7224ed19e19f38b221b7f56
/aws/lambda/traffic-analysis-128mb,2026-05-10 13:34:58.120,34afcd46-e14b-4db9-b05d-f42b127a493c,109.7,110,128000000,94000000,,2026/05/10/[$LATEST]851ab0d7c7224ed19e19f38b221b7f56
/aws/lambda/traffic-analysis-128mb,2026-05-10 13:34:58.480,5f744138-958f-443e-9b32-d154d1999503,109.36,110,128000000,94000000,,2026/05/10/[$LATEST]851ab0d7c7224ed19e19f38b221b7f56
/aws/lambda/traffic-analysis-128mb,2026-05-10 13:59:16.055,a1d04771-e75c-4f17-8955-bd577b2ddd96,432.07,979,128000000,92000000,546.1,2026/05/10/[$LATEST]009b43f1b4fd43b6af05aaa6281a638f
/aws/lambda/traffic-analysis-128mb,2026-05-10 13:59:16.215,c1c535a0-f104-42c3-95f6-53c19f550f00,126,126,128000000,92000000,,2026/05/10/[$LATEST]009b43f1b4fd43b6af05aaa6281a638f
/aws/lambda/traffic-analysis-128mb,2026-05-10 13:59:16.395,c934ee58-9c9e-4c52-9198-a36bd0ce5a5a,122.93,123,128000000,92000000,,2026/05/10/[$LATEST]009b43f1b4fd43b6af05aaa6281a638f
/aws/lambda/traffic-analysis-128mb,2026-05-10 13:59:16.555,48f65e93-c3d2-4c6d-852c-14b30643ee1d,138.87,139,128000000,92000000,,2026/05/10/[$LATEST]009b43f1b4fd43b6af05aaa6281a638f
/aws/lambda/traffic-analysis-128mb,2026-05-10 13:59:16.735,7131c582-86ca-4563-8fc2-a523a5e0753b,124.8,125,128000000,92000000,,2026/05/10/[$LATEST]009b43f1b4fd43b6af05aaa6281a638f
/aws/lambda/traffic-analysis-128mb,2026-05-10 13:59:16.875,c96edd4e-3340-4f73-b4e5-889e1578a24e,123.74,124,128000000,92000000,,2026/05/10/[$LATEST]009b43f1b4fd43b6af05aaa6281a638f
/aws/lambda/traffic-analysis-128mb,2026-05-10 13:59:17.035,02f9dc5a-3a9d-4936-b89b-3d08b52c65f8,122.69,123,128000000,92000000,,2026/05/10/[$LATEST]009b43f1b4fd43b6af05aaa6281a638f
/aws/lambda/traffic-analysis-128mb,2026-05-10 13:59:17.176,490b02cd-4049-4522-a407-70958e33794b,111.09,112,128000000,92000000,,2026/05/10/[$LATEST]009b43f1b4fd43b6af05aaa6281a638f
/aws/lambda/traffic-analysis-128mb,2026-05-10 13:59:17.355,9ca53fd4-940d-4f65-8de6-f89e9a633e10,135.66,136,128000000,92000000,,2026/05/10/[$LATEST]009b43f1b4fd43b6af05aaa6281a638f
/aws/lambda/traffic-analysis-128mb,2026-05-10 13:59:17.515,36a75668-c744-4731-af36-65b1e150abde,125.59,126,128000000,92000000,,2026/05/10/[$LATEST]009b43f1b4fd43b6af05aaa6281a638f
/aws/lambda/traffic-analysis-512mb,2026-05-10 13:32:28.921,3b5b5db5-3e5a-4bc3-8a9e-b3d9b94b9c06,108.22,109,512000000,95000000,,2026/05/10/[$LATEST]24dc96ec4e8f488d9366c1ffa0ac3727
/aws/lambda/traffic-analysis-512mb,2026-05-10 13:32:29.498,efd5ea2f-ffd9-473a-b4dd-8ca67d9e3ef5,33.06,34,512000000,96000000,,2026/05/10/[$LATEST]24dc96ec4e8f488d9366c1ffa0ac3727
/aws/lambda/traffic-analysis-512mb,2026-05-10 13:32:30.099,a7cef08c-b292-4848-9ce2-ee4ad6076a89,43.43,44,512000000,96000000,,2026/05/10/[$LATEST]24dc96ec4e8f488d9366c1ffa0ac3727
/aws/lambda/traffic-analysis-512mb,2026-05-10 13:32:30.673,7893d2f3-d113-4d57-b774-aaae509406b7,30.62,31,512000000,96000000,,2026/05/10/[$LATEST]24dc96ec4e8f488d9366c1ffa0ac3727
/aws/lambda/traffic-analysis-512mb,2026-05-10 13:32:31.257,79df1c17-0237-4809-b52a-b709f16b2f9e,39.41,40,512000000,96000000,,2026/05/10/[$LATEST]24dc96ec4e8f488d9366c1ffa0ac3727
/aws/lambda/traffic-analysis-512mb,2026-05-10 13:32:31.832,5de71d28-196b-41b4-b879-363c6e9cacd6,38.31,39,512000000,96000000,,2026/05/10/[$LATEST]24dc96ec4e8f488d9366c1ffa0ac3727
/aws/lambda/traffic-analysis-512mb,2026-05-10 13:32:32.415,9b3fe492-7abe-4dd1-81e4-fa960f3ddb0c,41.24,42,512000000,96000000,,2026/05/10/[$LATEST]24dc96ec4e8f488d9366c1ffa0ac3727
/aws/lambda/traffic-analysis-512mb,2026-05-10 13:32:32.996,cc153063-2c32-4144-9726-02a9e0fc3be8,30.82,31,512000000,96000000,,2026/05/10/[$LATEST]24dc96ec4e8f488d9366c1ffa0ac3727
/aws/lambda/traffic-analysis-512mb,2026-05-10 13:32:33.574,58aca964-fc37-4bbe-b998-c9721af3b871,33.62,34,512000000,96000000,,2026/05/10/[$LATEST]24dc96ec4e8f488d9366c1ffa0ac3727
/aws/lambda/traffic-analysis-512mb,2026-05-10 13:32:34.159,80abbaa4-bd4f-4f17-9acf-a9a05339aba7,43.59,44,512000000,96000000,,2026/05/10/[$LATEST]24dc96ec4e8f488d9366c1ffa0ac3727
/aws/lambda/traffic-analysis-512mb,2026-05-10 13:32:34.748,f78e6ae4-7900-4c68-bd77-f33f91737ae1,45,45,512000000,96000000,,2026/05/10/[$LATEST]24dc96ec4e8f488d9366c1ffa0ac3727
/aws/lambda/traffic-analysis-512mb,2026-05-10 13:32:35.336,df6fcf2a-8b5a-475f-8d4b-7b67ca2b9055,37.02,38,512000000,96000000,,2026/05/10/[$LATEST]24dc96ec4e8f488d9366c1ffa0ac3727
/aws/lambda/traffic-analysis-512mb,2026-05-10 13:32:35.930,7a27f565-bde1-4266-97a1-8975bb4bba57,36.78,37,512000000,96000000,,2026/05/10/[$LATEST]24dc96ec4e8f488d9366c1ffa0ac3727
/aws/lambda/traffic-analysis-512mb,2026-05-10 13:32:36.516,b456615d-b793-4ac2-80e1-16bb7af4c92b,37.64,38,512000000,96000000,,2026/05/10/[$LATEST]24dc96ec4e8f488d9366c1ffa0ac3727
/aws/lambda/traffic-analysis-512mb,2026-05-10 13:32:37.096,ab6cbc0e-fa73-4b7e-8e86-3ed5e1142e19,40.76,41,512000000,96000000,,2026/05/10/[$LATEST]24dc96ec4e8f488d9366c1ffa0ac3727
/aws/lambda/traffic-analysis-512mb,2026-05-10 13:34:58.839,761c2d70-a0ba-44b3-813b-d6a5000da4e4,106.33,107,512000000,96000000,,2026/05/10/[$LATEST]24dc96ec4e8f488d9366c1ffa0ac3727
/aws/lambda/traffic-analysis-512mb,2026-05-10 13:34:59.122,c8b8ef80-149b-4607-bac6-0bd42ed814aa,33.58,34,512000000,96000000,,2026/05/10/[$LATEST]24dc96ec4e8f488d9366c1ffa0ac3727
/aws/lambda/traffic-analysis-512mb,2026-05-10 13:34:59.400,c687aedc-5439-4b27-8ece-785e2850d045,33.53,34,512000000,96000000,,2026/05/10/[$LATEST]24dc96ec4e8f488d9366c1ffa0ac3727
/aws/lambda/traffic-analysis-512mb,2026-05-10 13:34:59.678,834bde2e-06d9-4731-aca8-7491c7966233,34.55,35,512000000,96000000,,2026/05/10/[$LATEST]24dc96ec4e8f488d9366c1ffa0ac3727
/aws/lambda/traffic-analysis-512mb,2026-05-10 13:34:59.959,b38758d1-0148-41c9-838c-8c02aceb44e7,33.7,34,512000000,96000000,,2026/05/10/[$LATEST]24dc96ec4e8f488d9366c1ffa0ac3727
/aws/lambda/traffic-analysis-512mb,2026-05-10 13:35:00.252,66cf2307-77e4-4dc4-991b-b1a30b0caf18,30.27,31,512000000,96000000,,2026/05/10/[$LATEST]24dc96ec4e8f488d9366c1ffa0ac3727
/aws/lambda/traffic-analysis-512mb,2026-05-10 13:35:00.531,ad828dd8-e898-46bb-8e48-d41cb0d7de1a,31.03,32,512000000,96000000,,2026/05/10/[$LATEST]24dc96ec4e8f488d9366c1ffa0ac3727
/aws/lambda/traffic-analysis-512mb,2026-05-10 13:35:00.816,37e9e620-312f-4845-a1d6-e9c619682c27,32.38,33,512000000,96000000,,2026/05/10/[$LATEST]24dc96ec4e8f488d9366c1ffa0ac3727
/aws/lambda/traffic-analysis-512mb,2026-05-10 13:35:01.096,c6868ca2-d95d-4fbc-ac2a-732c30e3b3c7,31.53,32,512000000,96000000,,2026/05/10/[$LATEST]24dc96ec4e8f488d9366c1ffa0ac3727
/aws/lambda/traffic-analysis-512mb,2026-05-10 13:35:01.378,015810fb-b5b7-4c45-b4a6-9c721a6d9169,31.99,32,512000000,96000000,,2026/05/10/[$LATEST]24dc96ec4e8f488d9366c1ffa0ac3727
/aws/lambda/traffic-analysis-3008mb,2026-05-10 13:32:37.713,e17102d5-26cf-4301-a7f1-9d6a35fea9ff,63.13,64,3008000000,95000000,,2026/05/10/[$LATEST]2f173e0718e24907a2e5194751f75a86
/aws/lambda/traffic-analysis-3008mb,2026-05-10 13:32:38.290,2834978b-c867-44c3-9cd5-59570683c2a3,30.68,31,3008000000,96000000,,2026/05/10/[$LATEST]2f173e0718e24907a2e5194751f75a86
/aws/lambda/traffic-analysis-3008mb,2026-05-10 13:32:38.859,4a55273e-4e37-49a2-bbd8-918fbbc8845e,29.26,30,3008000000,96000000,,2026/05/10/[$LATEST]2f173e0718e24907a2e5194751f75a86
/aws/lambda/traffic-analysis-3008mb,2026-05-10 13:32:39.432,b183a892-4298-4eb5-96d5-c57da5e15685,31.06,32,3008000000,96000000,,2026/05/10/[$LATEST]2f173e0718e24907a2e5194751f75a86
/aws/lambda/traffic-analysis-3008mb,2026-05-10 13:32:40.008,44764a15-dae0-4f84-a5af-5a5140995dc4,30.06,31,3008000000,96000000,,2026/05/10/[$LATEST]2f173e0718e24907a2e5194751f75a86
/aws/lambda/traffic-analysis-3008mb,2026-05-10 13:32:40.586,479ca82b-1f76-4ed0-af1d-bba3f58ad197,30.08,31,3008000000,96000000,,2026/05/10/[$LATEST]2f173e0718e24907a2e5194751f75a86
/aws/lambda/traffic-analysis-3008mb,2026-05-10 13:32:41.162,fb3d71d4-3064-4bbe-96e3-7bc7935ead2d,29.38,30,3008000000,96000000,,2026/05/10/[$LATEST]2f173e0718e24907a2e5194751f75a86
/aws/lambda/traffic-analysis-3008mb,2026-05-10 13:32:41.734,ef9d4687-2c54-4112-8bdb-ef925e1e3d81,31.5,32,3008000000,96000000,,2026/05/10/[$LATEST]2f173e0718e24907a2e5194751f75a86
/aws/lambda/traffic-analysis-3008mb,2026-05-10 13:32:42.307,87368bbd-503b-4655-9312-af10f09afa05,28.25,29,3008000000,96000000,,2026/05/10/[$LATEST]2f173e0718e24907a2e5194751f75a86
/aws/lambda/traffic-analysis-3008mb,2026-05-10 13:32:42.893,8996fb98-488a-4ac7-858c-a5705da3ef01,32.7,33,3008000000,96000000,,2026/05/10/[$LATEST]2f173e0718e24907a2e5194751f75a86
/aws/lambda/traffic-analysis-3008mb,2026-05-10 13:32:43.472,c3cf309b-afa2-4bc3-b5b9-5a6de5a16bfe,30.76,31,3008000000,96000000,,2026/05/10/[$LATEST]2f173e0718e24907a2e5194751f75a86
/aws/lambda/traffic-analysis-3008mb,2026-05-10 13:32:44.046,993b2f71-a8a2-44d3-9a31-70ebb4f2afae,31.91,32,3008000000,96000000,,2026/05/10/[$LATEST]2f173e0718e24907a2e5194751f75a86
/aws/lambda/traffic-analysis-3008mb,2026-05-10 13:32:44.623,dee4993a-1861-4e5e-b92d-c099fa9cd805,30.38,31,3008000000,96000000,,2026/05/10/[$LATEST]2f173e0718e24907a2e5194751f75a86
/aws/lambda/traffic-analysis-3008mb,2026-05-10 13:32:45.203,03450692-ad1b-4994-a58e-9142af0f6b38,30.67,31,3008000000,96000000,,2026/05/10/[$LATEST]2f173e0718e24907a2e5194751f75a86
/aws/lambda/traffic-analysis-3008mb,2026-05-10 13:32:45.785,2d7a640a-f5fb-4f7d-bcc3-2c5b91aa40a2,27.56,28,3008000000,96000000,,2026/05/10/[$LATEST]2f173e0718e24907a2e5194751f75a86
/aws/lambda/traffic-analysis-3008mb,2026-05-10 13:35:01.695,013b43dd-11b1-4491-b95a-16886a7d19af,69.9,70,3008000000,96000000,,2026/05/10/[$LATEST]2f173e0718e24907a2e5194751f75a86
/aws/lambda/traffic-analysis-3008mb,2026-05-10 13:35:01.974,e07367d8-3924-4bf9-b838-340f530b42dc,33.84,34,3008000000,96000000,,2026/05/10/[$LATEST]2f173e0718e24907a2e5194751f75a86
/aws/lambda/traffic-analysis-3008mb,2026-05-10 13:35:02.249,1870c106-6d45-4277-8780-f9cd658d186b,30.81,31,3008000000,96000000,,2026/05/10/[$LATEST]2f173e0718e24907a2e5194751f75a86
/aws/lambda/traffic-analysis-3008mb,2026-05-10 13:35:02.529,abc19d12-2f23-49ae-a041-8b045530f021,30.13,31,3008000000,96000000,,2026/05/10/[$LATEST]2f173e0718e24907a2e5194751f75a86
/aws/lambda/traffic-analysis-3008mb,2026-05-10 13:35:02.813,d454a2bd-34b0-4b76-82fa-88a5608aec9c,32.96,33,3008000000,96000000,,2026/05/10/[$LATEST]2f173e0718e24907a2e5194751f75a86
/aws/lambda/traffic-analysis-3008mb,2026-05-10 13:35:03.098,3dd1a1f1-f829-4fb6-9ef6-9cee862cd358,37.47,38,3008000000,96000000,,2026/05/10/[$LATEST]2f173e0718e24907a2e5194751f75a86
/aws/lambda/traffic-analysis-3008mb,2026-05-10 13:35:03.372,3d11de1e-bb3b-41ff-9ae3-7c38f4f27282,30.43,31,3008000000,96000000,,2026/05/10/[$LATEST]2f173e0718e24907a2e5194751f75a86
/aws/lambda/traffic-analysis-3008mb,2026-05-10 13:35:03.657,c7d9a86b-fde3-4c2b-a367-316b3872acb5,31,32,3008000000,96000000,,2026/05/10/[$LATEST]2f173e0718e24907a2e5194751f75a86
/aws/lambda/traffic-analysis-3008mb,2026-05-10 13:35:03.940,90b34e5c-c5c5-4121-8a94-d99b99ce3765,30.84,31,3008000000,96000000,,2026/05/10/[$LATEST]2f173e0718e24907a2e5194751f75a86
/aws/lambda/traffic-analysis-3008mb,2026-05-10 13:35:04.220,251f44fa-93f2-4878-a307-be358ccd33ad,32.24,33,3008000000,96000000,,2026/05/10/[$LATEST]2f173e0718e24907a2e5194751f75a86
